-- phpMyAdmin SQL Dump
-- version 5.2.1
-- https://www.phpmyadmin.net/
--
-- Host: 127.0.0.1
-- Generation Time: Nov 29, 2025 at 11:12 AM
-- Server version: 10.4.32-MariaDB
-- PHP Version: 8.2.12

SET SQL_MODE = "NO_AUTO_VALUE_ON_ZERO";
START TRANSACTION;
SET time_zone = "+00:00";


/*!40101 SET @OLD_CHARACTER_SET_CLIENT=@@CHARACTER_SET_CLIENT */;
/*!40101 SET @OLD_CHARACTER_SET_RESULTS=@@CHARACTER_SET_RESULTS */;
/*!40101 SET @OLD_COLLATION_CONNECTION=@@COLLATION_CONNECTION */;
/*!40101 SET NAMES utf8mb4 */;

--
-- Database: `projects`
--

-- --------------------------------------------------------

--
-- Table structure for table `annotations`
--

CREATE TABLE `annotations` (
  `id` int(11) NOT NULL,
  `user_id` int(11) NOT NULL,
  `question_id` int(11) NOT NULL,
  `project_id` int(11) NOT NULL,
  `answer` text DEFAULT NULL,
  `created_at` timestamp NULL DEFAULT current_timestamp(),
  `score` int(11) DEFAULT NULL
) ENGINE=MyISAM DEFAULT CHARSET=utf8mb4 COLLATE=utf8mb4_unicode_ci;

--
-- Dumping data for table `annotations`
--

INSERT INTO `annotations` (`id`, `user_id`, `question_id`, `project_id`, `answer`, `created_at`, `score`) VALUES
(1, 1, 419, 1, 'د) كيف حالك؟', '2025-11-25 20:05:16', 0),
(2, 1, 248, 1, 'B) القي', '2025-11-25 20:05:31', 1),
(3, 1, 460, 1, 'ج) المعنى ياانت', '2025-11-25 20:05:41', 1),
(4, 1, 154, 1, 'A) عندما تتحقق المستحيلات.', '2025-11-25 20:05:56', 1),
(5, 1, 416, 1, 'ب) فرح وتقبل', '2025-11-25 20:06:16', 1),
(6, 1, 428, 1, 'ب) ما هاذا', '2025-11-25 20:06:26', 1),
(7, 1, 442, 1, 'د) تعبير عن الصبر من كثرة الإعادة', '2025-11-25 20:06:33', 1),
(8, 1, 222, 1, 'أ) شخص يسهر كثيرًا خارج البيت', '2025-11-25 20:06:45', 1),
(9, 1, 321, 1, 'أ) المشاكل تتزايد مع محاولة التقدم', '2025-11-25 20:06:53', 1),
(10, 1, 242, 1, 'B) حزن', '2025-11-25 20:07:01', 1),
(11, 1, 190, 2, 'أ) بمعنى ذهب أو راح', '2025-11-25 21:25:46', NULL),
(12, 1, 271, 2, 'أ) تعني أنني أقوم بخدمة الضيوف', '2025-11-25 21:25:55', NULL),
(13, 1, 7, 2, 'A) لقب لشخص ضعيف', '2025-11-25 21:26:00', NULL);

-- --------------------------------------------------------

--
-- Table structure for table `cards`
--

CREATE TABLE `cards` (
  `id` int(11) NOT NULL,
  `number_of_users` int(11) DEFAULT NULL,
  `card_name` varchar(255) DEFAULT NULL,
  `number_of_question` int(11) DEFAULT NULL,
  `Dialect_type` enum('General','all','Southern','Central','Eastern','Northern','Western') NOT NULL
) ENGINE=InnoDB DEFAULT CHARSET=utf8mb4 COLLATE=utf8mb4_general_ci;

--
-- Dumping data for table `cards`
--

INSERT INTO `cards` (`id`, `number_of_users`, `card_name`, `number_of_question`, `Dialect_type`) VALUES
(1, 5, 'project one', 10, 'General'),
(2, 30, 'project one2', 55, 'General'),
(3, 5, 'project one44', 44, 'General'),
(4, 6, 'project one266', 6, 'General'),
(5, 6, 'project one266', 6, 'General'),
(6, 6, 'project one266', 6, 'General'),
(7, 6, 'project one266', 6, 'General'),
(8, 6, 'project one266', 6, 'General'),
(9, 6, 'project one266', 6, 'General'),
(10, 6, 'project one266', 6, 'General'),
(11, 6, 'project one266', 6, 'General'),
(12, 6, 'project one266', 6, 'General'),
(13, 6, 'project one266', 6, 'General'),
(14, 22, 'project one2dw', 5, 'General'),
(15, 22, 'project one2dw', 5, 'General'),
(16, 22, 'project one2dw', 5, 'General'),
(17, 22, 'project one2dw', 5, 'General'),
(18, 22, 'project one2dw', 5, 'General'),
(19, 22, 'project one2dw', 5, 'General'),
(20, 22, 'project one2dw', 5, 'General'),
(21, 22, 'project one2dw', 5, 'General'),
(22, 22, 'project one2dw', 5, 'General'),
(23, 22, 'project one2dw', 5, 'General'),
(24, 22, 'project one2dw', 5, 'General'),
(25, 22, 'project one2dw', 5, 'General'),
(26, 22, 'project one2dw', 5, 'General'),
(27, 22, 'project one2dw', 5, 'General'),
(28, 22, 'project one2dw', 5, 'General'),
(29, 22, 'project one2dw', 5, 'General'),
(30, 22, 'project one2dw', 5, 'General'),
(31, 22, 'project one2dw', 5, 'General'),
(32, 22, 'project one2dw', 5, 'General'),
(33, 22, 'project one2dw', 5, 'General'),
(34, 22, 'project one2dw', 5, 'General'),
(35, 22, 'project one2dw', 5, 'General'),
(36, 22, 'project one2dw', 5, 'General'),
(37, 22, 'project one2dw', 5, 'General'),
(38, 22, 'project one2dw', 5, 'General'),
(39, 22, 'project one2dw', 5, 'General'),
(40, 22, 'project one2dw', 5, 'General'),
(41, 22, 'project one2dw', 5, 'General'),
(42, 22, 'project one2dw', 5, 'General'),
(43, 22, 'project one2dw', 5, 'General'),
(44, 22, 'project one2dw', 5, 'General'),
(45, 22, 'project one2dw', 5, 'General'),
(46, 22, 'project one2dw', 5, 'General'),
(47, 22, 'project one2dw', 5, 'General'),
(48, 22, 'project one2dw', 5, 'General'),
(49, 4, 'project one44www', 244, 'General'),
(50, 4, 'project one44www', 244, 'General'),
(51, 4, 'project one44www', 244, 'General'),
(52, 4, 'project one44www', 244, 'General'),
(53, 4, 'project one44www', 244, 'General'),
(54, 4, 'project one44www', 244, 'General'),
(55, 4, 'project one44www', 244, 'General'),
(56, 4, 'project one44www', 244, 'General'),
(57, 4, 'project one44www', 244, 'General'),
(58, 4, 'project one44www', 244, 'General'),
(59, 4, 'project one44www', 244, 'General'),
(60, 4, 'project one44www', 244, 'General'),
(61, 4, 'project one44www', 244, 'General'),
(62, 4, 'project one44www', 244, 'General'),
(63, 4, 'project one44www', 244, 'General'),
(64, 4, 'project oneggg', 5, 'General'),
(65, 4, 'project oneggg', 5, 'General'),
(66, 4, 'ddwa', 5, 'General'),
(67, 5, 'project one2dw', 10, 'General'),
(68, 5, 'first', 5, 'General'),
(69, 24, '44fff', 44, 'General'),
(70, 22, 'feef', 33, 'General'),
(71, 22, 'ddddddddddd', 222, 'all'),
(72, 22, 'ddddddddddd', 222, 'all'),
(73, 22, 'hhhhhhhhhhhhhhhd', 222, 'Eastern'),
(74, 10, '3bod', 10, 'Central'),
(75, 5, '3bd', 5, 'Northern'),
(76, 3, 'aaaasssss', 33, 'General'),
(77, 44, 'project one2', 33, 'General'),
(78, 77, '7799', 33, 'General'),
(79, 33, 'yyyyyyyyyy', 33, 'General'),
(80, 29, 'wdw', 33, 'Southern'),
(81, 22, 'ddd', 22, 'all'),
(82, 29, 'dddd', 54, 'General'),
(83, 22, 'project one2', 56, 'Southern'),
(84, 22, 'dxdwe', 22, 'General'),
(85, 2, 'cesafc', 56, 'Eastern'),
(86, 2, 'dd', 56, 'General'),
(87, 2, 'dd', 55, 'General'),
(88, 3, 'ي3يب', 92, 'all'),
(89, 3, 'ي3يب', 92, 'all'),
(90, 22, 'eeeeee', 1, 'Southern'),
(91, 22, 'eeeeee', 1, 'Southern'),
(92, 20, 'gggg', 3, 'General'),
(93, 20, 'gggg', 3, 'General'),
(94, 20, 'gggg', 3, 'General'),
(95, 22, 'eeee', 3, 'Southern'),
(96, 22, 'eeee', 3, 'Southern'),
(97, 22, 'dwed', 15, 'Southern'),
(98, 22, 'dwed', 15, 'Southern'),
(99, 22, 'dwed', 15, 'Southern'),
(100, 22, 'dwed', 3, 'Southern'),
(101, 22, 'www', 3, 'Southern'),
(102, 22, 'eee', 20, 'General'),
(103, 22, 'hhh', 22, 'Southern'),
(104, 2, '22', 15, 'General'),
(105, 2, '22', 15, 'General'),
(106, 2, '22', 20, 'General'),
(107, 3, '33dd', 15, 'Southern'),
(108, 3, '33dd', 15, 'Southern'),
(109, 22, '2يص', 15, 'Southern'),
(110, 22, '2يص', 20, 'Southern'),
(111, 22, '2يص', 20, 'Southern'),
(112, 2, '22dd', 25, 'General'),
(113, 2, 'project one', 30, 'Southern'),
(114, 3, 'fsef', 35, 'all'),
(115, 3, 'fsef', 35, 'Central');

-- --------------------------------------------------------

--
-- Table structure for table `cards_questions`
--

CREATE TABLE `cards_questions` (
  `card_id` int(11) NOT NULL,
  `type_Of_q` int(11) DEFAULT NULL,
  `number_of_q` int(11) DEFAULT NULL,
  `id_in_card` int(11) NOT NULL
) ENGINE=InnoDB DEFAULT CHARSET=utf8mb4 COLLATE=utf8mb4_general_ci;

--
-- Dumping data for table `cards_questions`
--

INSERT INTO `cards_questions` (`card_id`, `type_Of_q`, `number_of_q`, `id_in_card`) VALUES
(3, NULL, NULL, 0),
(7, NULL, NULL, 0),
(7, NULL, NULL, 0),
(7, NULL, NULL, 0),
(7, NULL, NULL, 0),
(7, NULL, NULL, 0),
(7, NULL, NULL, 0),
(21, NULL, NULL, 0),
(21, NULL, NULL, 0),
(21, NULL, NULL, 0),
(21, NULL, NULL, 0),
(21, NULL, NULL, 0),
(22, NULL, NULL, 0),
(22, NULL, NULL, 0),
(22, NULL, NULL, 0),
(22, NULL, NULL, 0),
(22, NULL, NULL, 0),
(23, NULL, NULL, 0),
(23, NULL, NULL, 0),
(23, NULL, NULL, 0),
(23, NULL, NULL, 0),
(23, NULL, NULL, 0),
(24, NULL, NULL, 0),
(24, NULL, NULL, 0),
(24, NULL, NULL, 0),
(24, NULL, NULL, 0),
(24, NULL, NULL, 0),
(25, NULL, NULL, 0),
(25, NULL, NULL, 0),
(25, NULL, NULL, 0),
(25, NULL, NULL, 0),
(25, NULL, NULL, 0),
(26, NULL, NULL, 0),
(26, NULL, NULL, 0),
(26, NULL, NULL, 0),
(26, NULL, NULL, 0),
(26, NULL, NULL, 0),
(27, NULL, NULL, 0),
(27, NULL, NULL, 0),
(27, NULL, NULL, 0),
(27, NULL, NULL, 0),
(27, NULL, NULL, 0),
(64, 1, 1222, 0),
(64, 1, 1602, 0),
(65, 1, 2001, 0),
(65, 1, 1802, 0),
(66, 1, 491, 0),
(67, 1, 1164, 0),
(67, 1, 575, 0),
(67, 1, 909, 0),
(67, 1, 2078, 0),
(67, 1, 699, 0),
(67, 1, 423, 0),
(67, 1, 1442, 0),
(68, 1, 45, 0),
(68, 1, 2051, 0),
(68, 1, 834, 0),
(68, 1, 1443, 0),
(68, 1, 2040, 0),
(69, 1, 404, 0),
(69, 1, 1915, 0),
(69, 1, 999, 0),
(69, 1, 2052, 0),
(69, 1, 2517, 0),
(69, 1, 1642, 0),
(69, 1, 1882, 0),
(69, 1, 1859, 0),
(69, 1, 1277, 0),
(69, 1, 670, 0),
(69, 1, 536, 0),
(69, 1, 699, 0),
(69, 1, 971, 0),
(69, 1, 1948, 0),
(69, 1, 1845, 0),
(69, 1, 2436, 0),
(69, 1, 893, 0),
(70, 1, 1751, 0),
(70, 1, 1235, 0),
(70, 1, 2002, 0),
(70, 1, 119, 0),
(70, 1, 538, 0),
(70, 1, 431, 0),
(70, 1, 406, 0),
(70, 1, 1214, 0),
(70, 1, 1922, 0),
(70, 1, 2305, 0),
(70, 1, 953, 0),
(70, 1, 997, 0),
(70, 1, 1661, 0),
(70, 1, 158, 0),
(70, 1, 425, 0),
(70, 1, 545, 0),
(70, 1, 868, 0),
(70, 1, 819, 0),
(70, 1, 889, 0),
(70, 1, 568, 0),
(70, 1, 273, 0),
(70, 1, 2296, 0),
(72, 1, 2297, 0),
(72, 1, 2181, 0),
(72, 1, 2139, 0),
(72, 1, 2502, 0),
(72, 1, 922, 0),
(72, 1, 469, 0),
(72, 1, 1593, 0),
(72, 1, 1098, 0),
(72, 1, 1298, 0),
(72, 1, 1592, 0),
(72, 1, 1594, 0),
(72, 1, 488, 0),
(72, 1, 2458, 0),
(72, 1, 2407, 0),
(72, 1, 211, 0),
(72, 1, 908, 0),
(72, 1, 1776, 0),
(72, 1, 1418, 0),
(72, 1, 1334, 0),
(72, 1, 1092, 0),
(72, 1, 1371, 0),
(72, 1, 508, 0),
(72, 1, 366, 0),
(72, 1, 1144, 0),
(72, 1, 76, 0),
(72, 1, 2277, 0),
(72, 1, 1468, 0),
(72, 1, 241, 0),
(72, 1, 2401, 0),
(72, 1, 2321, 0),
(72, 1, 258, 0),
(72, 1, 1194, 0),
(72, 1, 120, 0),
(72, 1, 911, 0),
(72, 1, 1731, 0),
(72, 1, 1135, 0),
(72, 1, 2163, 0),
(72, 1, 1249, 0),
(72, 1, 2046, 0),
(72, 1, 1045, 0),
(72, 1, 2255, 0),
(72, 1, 1356, 0),
(72, 1, 1122, 0),
(72, 1, 1595, 0),
(72, 1, 1314, 0),
(72, 1, 456, 0),
(72, 1, 1124, 0),
(72, 1, 1959, 0),
(72, 1, 2251, 0),
(72, 1, 2040, 0),
(72, 1, 1604, 0),
(72, 1, 1342, 0),
(72, 1, 1714, 0),
(72, 1, 235, 0),
(72, 1, 2411, 0),
(73, 1, 2268, 0),
(73, 1, 748, 0),
(73, 1, 1273, 0),
(73, 1, 192, 0),
(73, 1, 947, 0),
(73, 1, 1172, 0),
(73, 1, 2305, 0),
(73, 1, 1089, 0),
(73, 1, 2386, 0),
(73, 1, 180, 0),
(73, 1, 882, 0),
(73, 1, 846, 0),
(73, 1, 1815, 0),
(73, 1, 548, 0),
(73, 1, 1037, 0),
(73, 1, 15, 0),
(73, 1, 62, 0),
(73, 1, 46, 0),
(73, 1, 1140, 0),
(73, 1, 944, 0),
(73, 1, 1646, 0),
(73, 1, 297, 0),
(74, 1, 648, 0),
(74, 1, 1415, 0),
(74, 1, 412, 0),
(74, 1, 1600, 0),
(74, 1, 1934, 0),
(74, 1, 1653, 0),
(74, 1, 1323, 0),
(75, 1, 1692, 0),
(80, 1, 1013, 0),
(80, 1, 185, 0),
(81, 1, 820, 0),
(81, 1, 1437, 0),
(81, 1, 2077, 0),
(81, 1, 2506, 0),
(82, 1, 1406, 0),
(82, 1, 2, 0),
(82, 1, 561, 0),
(82, 1, 288, 0),
(82, 1, 414, 0),
(82, 1, 1214, 0),
(82, 1, 388, 0),
(82, 1, 1601, 0),
(82, 1, 1041, 0),
(82, 1, 727, 0),
(82, 1, 2345, 0),
(82, 1, 2118, 0),
(82, 1, 501, 0),
(82, 1, 1184, 0),
(82, 1, 765, 0),
(82, 1, 2455, 0),
(82, 1, 1492, 0),
(82, 1, 504, 0),
(82, 1, 1687, 0),
(82, 1, 497, 0),
(82, 1, 1128, 0),
(82, 1, 522, 0),
(82, 1, 2115, 0),
(82, 1, 375, 0),
(82, 1, 1575, 0),
(82, 1, 1921, 0),
(82, 1, 751, 0),
(82, 1, 238, 0),
(82, 1, 1956, 0),
(82, 1, 424, 0),
(82, 1, 91, 0),
(82, 1, 774, 0),
(82, 1, 599, 0),
(82, 1, 964, 0),
(82, 1, 488, 0),
(82, 1, 2100, 0),
(82, 1, 1178, 0),
(83, 1, 809, 0),
(83, 1, 1864, 0),
(83, 1, 591, 0),
(83, 1, 2051, 0),
(83, 1, 2300, 0),
(83, 1, 1434, 0),
(83, 1, 1729, 0),
(83, 1, 1659, 0),
(83, 1, 659, 0),
(83, 1, 1781, 0),
(83, 1, 1719, 0),
(83, 1, 758, 0),
(83, 1, 870, 0),
(84, 1, 793, 0),
(84, 1, 2492, 0),
(84, 1, 2465, 0),
(84, 1, 488, 0),
(84, 1, 1697, 0),
(84, 1, 532, 0),
(84, 1, 985, 0),
(84, 1, 149, 0),
(84, 1, 2029, 0),
(84, 1, 1315, 0),
(84, 1, 1041, 0),
(84, 1, 2456, 0),
(85, 1, 2268, 0),
(85, 1, 62, 0),
(85, 1, 846, 0),
(85, 1, 882, 0),
(85, 1, 748, 0),
(85, 1, 1037, 0),
(85, 1, 548, 0),
(85, 1, 2386, 0),
(85, 1, 944, 0),
(85, 1, 192, 0),
(85, 1, 947, 0),
(85, 1, 1646, 0),
(85, 1, 1273, 0),
(85, 1, 297, 0),
(85, 1, 1172, 0),
(85, 1, 2305, 0),
(85, 1, 1089, 0),
(85, 1, 180, 0),
(85, 1, 15, 0),
(85, 1, 1815, 0),
(85, 1, 46, 0),
(85, 1, 1140, 0),
(86, 1, 2501, 0),
(86, 1, 787, 0),
(86, 1, 981, 0),
(86, 1, 1557, 0),
(86, 1, 1579, 0),
(86, 1, 308, 0),
(86, 1, 250, 0),
(86, 1, 1583, 0),
(86, 1, 2444, 0),
(86, 1, 324, 0),
(86, 1, 1794, 0),
(86, 1, 1911, 0),
(86, 1, 1186, 0),
(86, 1, 348, 0),
(86, 1, 2139, 0),
(86, 1, 1279, 0),
(86, 1, 1227, 0),
(87, 1, 2034, 0),
(87, 1, 182, 0),
(87, 1, 963, 0),
(87, 1, 507, 0),
(87, 1, 2134, 0),
(87, 1, 1117, 0),
(87, 1, 1416, 0),
(87, 1, 749, 0),
(87, 1, 601, 0),
(87, 1, 692, 0),
(87, 1, 1280, 0),
(87, 1, 2298, 0),
(87, 1, 1098, 0),
(87, 1, 11, 0),
(87, 1, 109, 0),
(87, 1, 2182, 0),
(87, 1, 1004, 0),
(87, 1, 2444, 0),
(87, 1, 2326, 0),
(87, 1, 250, 0),
(87, 1, 1554, 0),
(87, 1, 2450, 0),
(87, 1, 730, 0),
(87, 1, 376, 0),
(87, 1, 1975, 0),
(87, 1, 2208, 0),
(87, 1, 2021, 0),
(87, 1, 312, 0),
(87, 1, 836, 0),
(87, 1, 1886, 0),
(87, 1, 156, 0),
(87, 1, 943, 0),
(87, 1, 2526, 0),
(88, 1, 2238, 0),
(88, 1, 1106, 0),
(88, 1, 1613, 0),
(88, 1, 313, 0),
(88, 1, 136, 0),
(88, 1, 1456, 0),
(88, 1, 398, 0),
(88, 1, 1940, 0),
(88, 1, 1909, 0),
(88, 1, 863, 0),
(88, 1, 557, 0),
(88, 1, 943, 0),
(88, 1, 2102, 0),
(88, 1, 1040, 0),
(88, 1, 482, 0),
(88, 1, 1077, 0),
(88, 1, 215, 0),
(88, 1, 1682, 0),
(88, 1, 2355, 0),
(88, 1, 333, 0),
(88, 1, 2467, 0),
(88, 1, 2220, 0),
(88, 1, 2386, 0),
(88, 1, 662, 0),
(88, 1, 19, 0),
(89, 1, 1514, 0),
(89, 1, 170, 0),
(89, 1, 1336, 0),
(89, 1, 2360, 0),
(89, 1, 941, 0),
(89, 1, 1275, 0),
(89, 1, 1540, 0),
(89, 1, 927, 0),
(89, 1, 288, 0),
(89, 1, 60, 0),
(89, 1, 1172, 0),
(89, 1, 849, 0),
(89, 1, 503, 0),
(89, 1, 2208, 0),
(89, 1, 2096, 0),
(89, 1, 768, 0),
(89, 1, 746, 0),
(89, 1, 1014, 0),
(89, 1, 1503, 0),
(89, 1, 2334, 0),
(89, 1, 1269, 0),
(89, 1, 2000, 0),
(89, 1, 678, 0),
(89, 1, 1153, 0),
(89, 1, 962, 0),
(89, 1, 1969, 0),
(89, 1, 681, 0),
(89, 1, 2399, 0),
(89, 1, 1168, 0),
(89, 1, 984, 0),
(89, 1, 2176, 0),
(89, 1, 949, 0),
(89, 1, 1001, 0),
(89, 1, 1673, 0),
(89, 1, 1497, 0),
(89, 1, 1071, 0),
(89, 1, 2200, 0),
(89, 1, 1242, 0),
(89, 1, 717, 0),
(89, 1, 2502, 0),
(89, 1, 1837, 0),
(89, 1, 381, 0),
(89, 1, 1705, 0),
(89, 1, 2447, 0),
(89, 1, 244, 0),
(89, 1, 579, 0),
(89, 1, 1144, 0),
(89, 1, 2034, 0),
(89, 1, 2516, 0),
(89, 1, 1456, 0),
(100, 1, 2160, 1),
(101, 1, 2353, 1),
(102, 1, 275, 1),
(102, 1, 1001, 2),
(102, 1, 2096, 3),
(102, 1, 2193, 4),
(102, 1, 762, 5),
(102, 1, 2069, 6),
(102, 1, 1527, 7),
(103, 1, 3, 1),
(103, 1, 1917, 2),
(103, 1, 1314, 3),
(113, 1, 630, 1),
(113, 1, 1707, 2),
(113, 1, 905, 3),
(113, 1, 1297, 4),
(113, 1, 1945, 5),
(113, 1, 2007, 6),
(113, 3, 1, 7),
(113, 3, 55, 8),
(113, 3, 62, 9),
(113, 3, 34, 10),
(113, 2, 174, 11),
(113, 2, 395, 12),
(113, 2, 107, 13),
(113, 2, 178, 14),
(113, 2, 109, 15),
(113, 2, 403, 16),
(113, 2, 353, 17),
(113, 2, 252, 18),
(113, 2, 177, 19),
(113, 2, 347, 20),
(113, 2, 264, 21),
(114, 1, 187, 1),
(114, 1, 1605, 2),
(114, 1, 1742, 3),
(114, 1, 757, 4),
(114, 1, 2203, 5),
(114, 1, 1800, 6),
(114, 1, 1793, 7),
(114, 1, 1718, 8),
(114, 1, 1676, 9),
(114, 1, 1039, 10),
(114, 1, 1779, 11),
(114, 1, 524, 12),
(114, 1, 713, 13),
(114, 3, 56, 14),
(114, 3, 77, 15),
(114, 3, 46, 16),
(114, 3, 43, 17),
(114, 3, 74, 18),
(114, 3, 70, 19),
(114, 3, 72, 20),
(114, 3, 2, 21),
(115, 1, 2209, 1),
(115, 1, 1816, 2),
(115, 1, 2172, 3),
(115, 1, 153, 4),
(115, 1, 241, 5),
(115, 1, 2409, 6),
(115, 1, 165, 7),
(115, 3, 18, 8),
(115, 3, 66, 9),
(115, 3, 50, 10),
(115, 3, 49, 11),
(115, 3, 44, 12),
(115, 3, 56, 13),
(115, 3, 82, 14),
(115, 3, 48, 15),
(115, 3, 32, 16),
(115, 3, 68, 17),
(115, 3, 21, 18),
(115, 2, 153, 19),
(115, 2, 409, 20),
(115, 2, 130, 21),
(115, 2, 323, 22),
(115, 2, 326, 23),
(115, 2, 471, 24),
(115, 2, 426, 25),
(115, 2, 217, 26),
(115, 2, 376, 27),
(115, 2, 2, 28),
(115, 2, 114, 29),
(115, 2, 286, 30),
(115, 2, 94, 31),
(115, 2, 15, 32),
(115, 2, 34, 33),
(115, 2, 418, 34),
(115, 2, 95, 35);

--
-- Indexes for dumped tables
--

--
-- Indexes for table `cards`
--
ALTER TABLE `cards`
  ADD PRIMARY KEY (`id`);

--
-- Indexes for table `cards_questions`
--
ALTER TABLE `cards_questions`
  ADD KEY `card_id` (`card_id`);

--
-- AUTO_INCREMENT for dumped tables
--

--
-- AUTO_INCREMENT for table `cards`
--
ALTER TABLE `cards`
  MODIFY `id` int(11) NOT NULL AUTO_INCREMENT, AUTO_INCREMENT=116;

--
-- Constraints for dumped tables
--

--
-- Constraints for table `cards_questions`
--
ALTER TABLE `cards_questions`
  ADD CONSTRAINT `cards_questions_ibfk_1` FOREIGN KEY (`card_id`) REFERENCES `cards` (`id`);
COMMIT;

/*!40101 SET CHARACTER_SET_CLIENT=@OLD_CHARACTER_SET_CLIENT */;
/*!40101 SET CHARACTER_SET_RESULTS=@OLD_CHARACTER_SET_RESULTS */;
/*!40101 SET COLLATION_CONNECTION=@OLD_COLLATION_CONNECTION */;
